[{"name":"HDGRACE-BAS-Final-20250823_012644.zip","path":"HDGRACE-BAS-Final-20250823_012644.zip","sha":"0edaf4547048e50dfa9c384c84cd2dfcb7372c55","size":7655919,"url":"https://api.github.com/repos/kangheedon1/hdgracedv2/contents/HDGRACE-BAS-Final-20250823_012644.zip?ref=main","html_url":"https://github.com/kangheedon1/hdgracedv2/blob/main/HDGRACE-BAS-Final-20250823_012644.zip","git_url":"https://api.github.com/repos/kangheedon1/hdgracedv2/git/blobs/0edaf4547048e50dfa9c384c84cd2dfcb7372c55","download_url":"https://raw.githubusercontent.com/kangheedon1/hdgracedv2/main/HDGRACE-BAS-Final-20250823_012644.zip","type":"file","_links":{"self":"https://api.github.com/repos/kangheedon1/hdgracedv2/contents/HDGRACE-BAS-Final-20250823_012644.zip?ref=main","git":"https://api.github.com/repos/kangheedon1/hdgracedv2/git/blobs/0edaf4547048e50dfa9c384c84cd2dfcb7372c55","html":"https://github.com/kangheedon1/hdgracedv2/blob/main/HDGRACE-BAS-Final-20250823_012644.zip"}}]