[{"name":"1052.txt","path":"1052.txt","sha":"715b78d0bbd83d2b3a5ccd9894320f954d54dfc4","size":35206,"url":"https://api.github.com/repos/kangheedon1/hdgrace/contents/1052.txt?ref=main","html_url":"https://github.com/kangheedon1/hdgrace/blob/main/1052.txt","git_url":"https://api.github.com/repos/kangheedon1/hdgrace/git/blobs/715b78d0bbd83d2b3a5ccd9894320f954d54dfc4","download_url":"https://raw.githubusercontent.com/kangheedon1/hdgrace/main/1052.txt","type":"file","_links":{"self":"https://api.github.com/repos/kangheedon1/hdgrace/contents/1052.txt?ref=main","git":"https://api.github.com/repos/kangheedon1/hdgrace/git/blobs/715b78d0bbd83d2b3a5ccd9894320f954d54dfc4","html":"https://github.com/kangheedon1/hdgrace/blob/main/1052.txt"}},{"name":"124개기능.txt","path":"124개기능.txt","sha":"c934c8bc4666384306f88685af0d6c80faaec0fb","size":40735,"url":"https://api.github.com/repos/kangheedon1/hdgrace/contents/124%EA%B0%9C%EA%B8%B0%EB%8A%A5.txt?ref=main","html_url":"https://github.com/kangheedon1/hdgrace/blob/main/124%EA%B0%9C%EA%B8%B0%EB%8A%A5.txt","git_url":"https://api.github.com/repos/kangheedon1/hdgrace/git/blobs/c934c8bc4666384306f88685af0d6c80faaec0fb","download_url":"https://raw.githubusercontent.com/kangheedon1/hdgrace/main/124개기능.txt","type":"file","_links":{"self":"https://api.github.com/repos/kangheedon1/hdgrace/contents/124%EA%B0%9C%EA%B8%B0%EB%8A%A5.txt?ref=main","git":"https://api.github.com/repos/kangheedon1/hdgrace/git/blobs/c934c8bc4666384306f88685af0d6c80faaec0fb","html":"https://github.com/kangheedon1/hdgrace/blob/main/124%EA%B0%9C%EA%B8%B0%EB%8A%A5.txt"}},{"name":"HDGRACE-BAS_-2025-8-18-수정전","path":"HDGRACE-BAS_-2025-8-18-수정전","sha":"f8e139680a30312320c08bd03074331a9c3dc09f","size":30297390,"url":"https://api.github.com/repos/kangheedon1/hdgrace/contents/HDGRACE-BAS_-2025-8-18-%EC%88%98%EC%A0%95%EC%A0%84?ref=main","html_url":"https://github.com/kangheedon1/hdgrace/blob/main/HDGRACE-BAS_-2025-8-18-%EC%88%98%EC%A0%95%EC%A0%84","git_url":"https://api.github.com/repos/kangheedon1/hdgrace/git/blobs/f8e139680a30312320c08bd03074331a9c3dc09f","download_url":"https://raw.githubusercontent.com/kangheedon1/hdgrace/main/HDGRACE-BAS_-2025-8-18-수정전","type":"file","_links":{"self":"https://api.github.com/repos/kangheedon1/hdgrace/contents/HDGRACE-BAS_-2025-8-18-%EC%88%98%EC%A0%95%EC%A0%84?ref=main","git":"https://api.github.com/repos/kangheedon1/hdgrace/git/blobs/f8e139680a30312320c08bd03074331a9c3dc09f","html":"https://github.com/kangheedon1/hdgrace/blob/main/HDGRACE-BAS_-2025-8-18-%EC%88%98%EC%A0%95%EC%A0%84"}},{"name":"기존+추가UI버튼_이모지를_큰_카테고리_별로_.txt","path":"기존+추가UI버튼_이모지를_큰_카테고리_별로_.txt","sha":"ef05eca5f4713c2ab06ce5461b8b994dc6f644b6","size":19966,"url":"https://api.github.com/repos/kangheedon1/hdgrace/contents/%EA%B8%B0%EC%A1%B4%2B%EC%B6%94%EA%B0%80UI%EB%B2%84%ED%8A%BC_%EC%9D%B4%EB%AA%A8%EC%A7%80%EB%A5%BC_%ED%81%B0_%EC%B9%B4%ED%85%8C%EA%B3%A0%EB%A6%AC_%EB%B3%84%EB%A1%9C_.txt?ref=main","html_url":"https://github.com/kangheedon1/hdgrace/blob/main/%EA%B8%B0%EC%A1%B4%2B%EC%B6%94%EA%B0%80UI%EB%B2%84%ED%8A%BC_%EC%9D%B4%EB%AA%A8%EC%A7%80%EB%A5%BC_%ED%81%B0_%EC%B9%B4%ED%85%8C%EA%B3%A0%EB%A6%AC_%EB%B3%84%EB%A1%9C_.txt","git_url":"https://api.github.com/repos/kangheedon1/hdgrace/git/blobs/ef05eca5f4713c2ab06ce5461b8b994dc6f644b6","download_url":"https://raw.githubusercontent.com/kangheedon1/hdgrace/main/기존+추가UI버튼_이모지를_큰_카테고리_별로_.txt","type":"file","_links":{"self":"https://api.github.com/repos/kangheedon1/hdgrace/contents/%EA%B8%B0%EC%A1%B4%2B%EC%B6%94%EA%B0%80UI%EB%B2%84%ED%8A%BC_%EC%9D%B4%EB%AA%A8%EC%A7%80%EB%A5%BC_%ED%81%B0_%EC%B9%B4%ED%85%8C%EA%B3%A0%EB%A6%AC_%EB%B3%84%EB%A1%9C_.txt?ref=main","git":"https://api.github.com/repos/kangheedon1/hdgrace/git/blobs/ef05eca5f4713c2ab06ce5461b8b994dc6f644b6","html":"https://github.com/kangheedon1/hdgrace/blob/main/%EA%B8%B0%EC%A1%B4%2B%EC%B6%94%EA%B0%80UI%EB%B2%84%ED%8A%BC_%EC%9D%B4%EB%AA%A8%EC%A7%80%EB%A5%BC_%ED%81%B0_%EC%B9%B4%ED%85%8C%EA%B3%A0%EB%A6%AC_%EB%B3%84%EB%A1%9C_.txt"}},{"name":"누락-기능","path":"누락-기능","sha":"5f9c90759dd512803142436d82826e6bf4dbbf67","size":0,"url":"https://api.github.com/repos/kangheedon1/hdgrace/contents/%EB%88%84%EB%9D%BD-%EA%B8%B0%EB%8A%A5?ref=main","html_url":"https://github.com/kangheedon1/hdgrace/tree/main/%EB%88%84%EB%9D%BD-%EA%B8%B0%EB%8A%A5","git_url":"https://api.github.com/repos/kangheedon1/hdgrace/git/trees/5f9c90759dd512803142436d82826e6bf4dbbf67","download_url":null,"type":"dir","_links":{"self":"https://api.github.com/repos/kangheedon1/hdgrace/contents/%EB%88%84%EB%9D%BD-%EA%B8%B0%EB%8A%A5?ref=main","git":"https://api.github.com/repos/kangheedon1/hdgrace/git/trees/5f9c90759dd512803142436d82826e6bf4dbbf67","html":"https://github.com/kangheedon1/hdgrace/tree/main/%EB%88%84%EB%9D%BD-%EA%B8%B0%EB%8A%A5"}},{"name":"누락된 30개-꼭 삽입.txt","path":"누락된 30개-꼭 삽입.txt","sha":"03d3af2ff94f31159642422aa43e623bd79a8227","size":26598,"url":"https://api.github.com/repos/kangheedon1/hdgrace/contents/%EB%88%84%EB%9D%BD%EB%90%9C%2030%EA%B0%9C-%EA%BC%AD%20%EC%82%BD%EC%9E%85.txt?ref=main","html_url":"https://github.com/kangheedon1/hdgrace/blob/main/%EB%88%84%EB%9D%BD%EB%90%9C%2030%EA%B0%9C-%EA%BC%AD%20%EC%82%BD%EC%9E%85.txt","git_url":"https://api.github.com/repos/kangheedon1/hdgrace/git/blobs/03d3af2ff94f31159642422aa43e623bd79a8227","download_url":"https://raw.githubusercontent.com/kangheedon1/hdgrace/main/누락된 30개-꼭 삽입.txt","type":"file","_links":{"self":"https://api.github.com/repos/kangheedon1/hdgrace/contents/%EB%88%84%EB%9D%BD%EB%90%9C%2030%EA%B0%9C-%EA%BC%AD%20%EC%82%BD%EC%9E%85.txt?ref=main","git":"https://api.github.com/repos/kangheedon1/hdgrace/git/blobs/03d3af2ff94f31159642422aa43e623bd79a8227","html":"https://github.com/kangheedon1/hdgrace/blob/main/%EB%88%84%EB%9D%BD%EB%90%9C%2030%EA%B0%9C-%EA%BC%AD%20%EC%82%BD%EC%9E%85.txt"}},{"name":"마이크로 예시.txt","path":"마이크로 예시.txt","sha":"240f60e16c1632ffbcb313c23a257a68f8fba783","size":808339,"url":"https://api.github.com/repos/kangheedon1/hdgrace/contents/%EB%A7%88%EC%9D%B4%ED%81%AC%EB%A1%9C%20%EC%98%88%EC%8B%9C.txt?ref=main","html_url":"https://github.com/kangheedon1/hdgrace/blob/main/%EB%A7%88%EC%9D%B4%ED%81%AC%EB%A1%9C%20%EC%98%88%EC%8B%9C.txt","git_url":"https://api.github.com/repos/kangheedon1/hdgrace/git/blobs/240f60e16c1632ffbcb313c23a257a68f8fba783","download_url":"https://raw.githubusercontent.com/kangheedon1/hdgrace/main/마이크로 예시.txt","type":"file","_links":{"self":"https://api.github.com/repos/kangheedon1/hdgrace/contents/%EB%A7%88%EC%9D%B4%ED%81%AC%EB%A1%9C%20%EC%98%88%EC%8B%9C.txt?ref=main","git":"https://api.github.com/repos/kangheedon1/hdgrace/git/blobs/240f60e16c1632ffbcb313c23a257a68f8fba783","html":"https://github.com/kangheedon1/hdgrace/blob/main/%EB%A7%88%EC%9D%B4%ED%81%AC%EB%A1%9C%20%EC%98%88%EC%8B%9C.txt"}},{"name":"읽고 -꼭 100% 반영.txt","path":"읽고 -꼭 100% 반영.txt","sha":"9ef573dd2060e8dd33cd65173998bca122026b3f","size":20436,"url":"https://api.github.com/repos/kangheedon1/hdgrace/contents/%EC%9D%BD%EA%B3%A0%20-%EA%BC%AD%20100%25%20%EB%B0%98%EC%98%81.txt?ref=main","html_url":"https://github.com/kangheedon1/hdgrace/blob/main/%EC%9D%BD%EA%B3%A0%20-%EA%BC%AD%20100%25%20%EB%B0%98%EC%98%81.txt","git_url":"https://api.github.com/repos/kangheedon1/hdgrace/git/blobs/9ef573dd2060e8dd33cd65173998bca122026b3f","download_url":"https://raw.githubusercontent.com/kangheedon1/hdgrace/main/%EC%9D%BD%EA%B3%A0%20-%EA%BC%AD%20100%25%20%EB%B0%98%EC%98%81.txt","type":"file","_links":{"self":"https://api.github.com/repos/kangheedon1/hdgrace/contents/%EC%9D%BD%EA%B3%A0%20-%EA%BC%AD%20100%25%20%EB%B0%98%EC%98%81.txt?ref=main","git":"https://api.github.com/repos/kangheedon1/hdgrace/git/blobs/9ef573dd2060e8dd33cd65173998bca122026b3f","html":"https://github.com/kangheedon1/hdgrace/blob/main/%EC%9D%BD%EA%B3%A0%20-%EA%BC%AD%20100%25%20%EB%B0%98%EC%98%81.txt"}},{"name":"추가반영하여 주세요.txt","path":"추가반영하여 주세요.txt","sha":"0c1b47534f94e756b15455e89deb80e37d4b3a96","size":31748,"url":"https://api.github.com/repos/kangheedon1/hdgrace/contents/%EC%B6%94%EA%B0%80%EB%B0%98%EC%98%81%ED%95%98%EC%97%AC%20%EC%A3%BC%EC%84%B8%EC%9A%94.txt?ref=main","html_url":"https://github.com/kangheedon1/hdgrace/blob/main/%EC%B6%94%EA%B0%80%EB%B0%98%EC%98%81%ED%95%98%EC%97%AC%20%EC%A3%BC%EC%84%B8%EC%9A%94.txt","git_url":"https://api.github.com/repos/kangheedon1/hdgrace/git/blobs/0c1b47534f94e756b15455e89deb80e37d4b3a96","download_url":"https://raw.githubusercontent.com/kangheedon1/hdgrace/main/추가반영하여 주세요.txt","type":"file","_links":{"self":"https://api.github.com/repos/kangheedon1/hdgrace/contents/%EC%B6%94%EA%B0%80%EB%B0%98%EC%98%81%ED%95%98%EC%97%AC%20%EC%A3%BC%EC%84%B8%EC%9A%94.txt?ref=main","git":"https://api.github.com/repos/kangheedon1/hdgrace/git/blobs/0c1b47534f94e756b15455e89deb80e37d4b3a96","html":"https://github.com/kangheedon1/hdgrace/blob/main/%EC%B6%94%EA%B0%80%EB%B0%98%EC%98%81%ED%95%98%EC%97%AC%20%EC%A3%BC%EC%84%B8%EC%9A%94.txt"}},{"name":"키워드-영상-찾기.txt","path":"키워드-영상-찾기.txt","sha":"184e216f085aec66be07e0ecc39fc3c9eaafd5e0","size":35424,"url":"https://api.github.com/repos/kangheedon1/hdgrace/contents/%ED%82%A4%EC%9B%8C%EB%93%9C-%EC%98%81%EC%83%81-%EC%B0%BE%EA%B8%B0.txt?ref=main","html_url":"https://github.com/kangheedon1/hdgrace/blob/main/%ED%82%A4%EC%9B%8C%EB%93%9C-%EC%98%81%EC%83%81-%EC%B0%BE%EA%B8%B0.txt","git_url":"https://api.github.com/repos/kangheedon1/hdgrace/git/blobs/184e216f085aec66be07e0ecc39fc3c9eaafd5e0","download_url":"https://raw.githubusercontent.com/kangheedon1/hdgrace/main/키워드-영상-찾기.txt","type":"file","_links":{"self":"https://api.github.com/repos/kangheedon1/hdgrace/contents/%ED%82%A4%EC%9B%8C%EB%93%9C-%EC%98%81%EC%83%81-%EC%B0%BE%EA%B8%B0.txt?ref=main","git":"https://api.github.com/repos/kangheedon1/hdgrace/git/blobs/184e216f085aec66be07e0ecc39fc3c9eaafd5e0","html":"https://github.com/kangheedon1/hdgrace/blob/main/%ED%82%A4%EC%9B%8C%EB%93%9C-%EC%98%81%EC%83%81-%EC%B0%BE%EA%B8%B0.txt"}},{"name":"파이썬 토탈-25-8-22.txt","path":"파이썬 토탈-25-8-22.txt","sha":"e4918426a15bcb3443e7accf7a0add972af0da44","size":231013,"url":"https://api.github.com/repos/kangheedon1/hdgrace/contents/%ED%8C%8C%EC%9D%B4%EC%8D%AC%20%ED%86%A0%ED%83%88-25-8-22.txt?ref=main","html_url":"https://github.com/kangheedon1/hdgrace/blob/main/%ED%8C%8C%EC%9D%B4%EC%8D%AC%20%ED%86%A0%ED%83%88-25-8-22.txt","git_url":"https://api.github.com/repos/kangheedon1/hdgrace/git/blobs/e4918426a15bcb3443e7accf7a0add972af0da44","download_url":"https://raw.githubusercontent.com/kangheedon1/hdgrace/main/파이썬 토탈-25-8-22.txt","type":"file","_links":{"self":"https://api.github.com/repos/kangheedon1/hdgrace/contents/%ED%8C%8C%EC%9D%B4%EC%8D%AC%20%ED%86%A0%ED%83%88-25-8-22.txt?ref=main","git":"https://api.github.com/repos/kangheedon1/hdgrace/git/blobs/e4918426a15bcb3443e7accf7a0add972af0da44","html":"https://github.com/kangheedon1/hdgrace/blob/main/%ED%8C%8C%EC%9D%B4%EC%8D%AC%20%ED%86%A0%ED%83%88-25-8-22.txt"}}]