action_name,count
LogEvent,20094
delay,20007
checkloginstatus,20001
monitorproxyquality,20001
recaptchadetection,20001
rotateproxy,20001
smsapihealthcheck,20001
switchsmsprovider,20001
run2captcha,20000
SetVariable,101
Wait,80
Click,70
CallMacro,58
AddChoice,50
CreateFile,44
ShowPopup,44
WaitForElement,29
Navigate,26
AddButton,25
AddInput,24
ScrollPage,24
ClickIfExists,20
CreatePopup,20
Return,20
SetInputText,16
GetUserChoice,15
Type,14
ReadFile,13
CallURL,12
CloseBrowser,12
OpenURL,12
WaitFor,10
Delay,9
ClearBrowserData,8
DecryptString,8
ParseLine,8
TypeIfExists,8
WriteFile,8
CheckElementExists,7
MouseMove,7
NavigateTo,7
AddInfoMessage,6
CreateUI,6
GetText,6
OpenBrowser,6
RandomClick,6
ScrollPageTo,6
Select,6
Trim,6
ChangeProxy,5
RandomListItem,5
SetList,5
StartStopControl,5
AddCheckbox,4
AddToList,4
ClickByText,4
ClickLiveSection,4
Continue,4
ExecuteJS,4
Exit,4
GetFiles,4
MeasureProxySpeed,4
RandomScroll,4
ReadCSV,4
SetVar,4
BreakLoop,3
SetUIColorScheme,3
Uncheck,3
UploadFile,3
AddTableRow,2
ApplyFingerprint,2
AutoRespondToChat,2
CalculateDuration,2
CheckIPInCIDR,2
CheckProxyConnectivity,2
ClearMemory,2
ClickLiveStream,2
ClickRandomLink,2
ClickShort,2
ClickShortsSection,2
ClosePopup,2
CreateFolder,2
CreateRandomCalendar,2
DetectProxyFormat,2
EmulateDifferentDevices,2
ExecuteCommand,2
FindAndClickTargetStream,2
FindTargetLiveStream,2
FindTargetShort,2
GetCurrentHour,2
GetElementAttribute,2
GetElementText,2
GetIP,2
GetTableRow,2
LoginWithGoogleAccount,2
MaintainViewership,2
MakeRandomSearchOnGoogle,2
MergeFingerprint,2
MonitorProxyQuality,2
OpenGoLoginProfile,2
OpenMultiloginProfile,2
ParsePath,2
RandomizeDeviceID,2
RandomizeUserAgent,2
ReadAccounts,2
ReadFromFile,2
RefreshPage,2
RestartMacro,2
RestartProject,2
RotateToBackupProxy,2
RunProcess,2
SQLiteInsert,2
SelectRandomISP,2
SetCookie,2
SetFingerprintProfile,2
SetProxy,2
SetProxyFormat,2
ShowTable,2
SubscribeToRandomNewsletter,2
SubscribeToRandomPodcast,2
TableSearch,2
UpdateProfileName,2
UpdateProfilePhoto,2
UseFixedProxy,2
UseHighQualityFingerprintAPI,2
UseMobileProxy,2
ValidateProxyAccess,2
WriteTableToCSV,2
changefingerprint,2
changeproxy,2
restartbrowser,2
