label,count
⏯️ UI 버튼 기반 시작 / 종료 기능,3
⏰️ 스케줄러 실행 (시간 분배),3
⏱️ 시청 시간 범위 설정 (최소/최대),3
⚖️ 지메일 자동 항소 기능,3
⚡️ 고속 처리 모드,3
✅️ 모든 기능 완전히 활성화,3
❤️ 댓글/좋아요/구독 자동화,3
🆕 최신 영상 판단 및 시청 갯수 설정,3
🌐 다국어 번역 기능,3
🌐 프록시 데이터 파일 자동 로드,3
"🌾 파밍기능 (뉴스레터, 캘린더, 팟캐스트 등)",3
🎛️ 모듈별 켜고 끌 수 있는 세팅,3
🎯 대역별 프록시 분류,3
👍 쇼츠 좋아요 (랜덤계정 / 전체계정),3
👤 지메일 프로필 사진 / 채널명 변경 기능,3
👥 라이브 시청자 증가 기능,3
💬 댓글 작성 자동화 기능,3
💾 쿠키 저장/불러오기 자동화,3
📁 지메일 데이터 파일 자동 로드,3
📈 조회수 알고리즘 자동 실행,3
📊 실시간 상태 모니터링,3
📋 계정 + 프록시 체크 + 구분 txt 출력,3
📍 국가/ISP 선택 기능,3
📝 실행 로그 기록 및 텍스트 출력,3
📡 IMEI + 회전 프록시 설정,3
📩 지메일 계정 생성,3
📱 SMS 인증 연동 (조건만 포함),3
📷 유튜브 채널 생성,3
📺 유튜브 채널 리스트 방문 및 최신영상 시청,3
🔀 사용자 입력 기반 자동분기,3
🔁 제목 리스트 기반 자동 반복 시청,3
🔁 조회수 반복 입장/이탈,3
🔄 무료 프록시 → 고급 프록시 변환,3
🔄 실시간 프록시 회전 관리,3
🔄 프록시 조건 분기 자동화,3
🔄 프록시 평판 점수 기반 필터링,3
🔌 Proxy API Key: OFF,3
🔍 유튜브 검색창에 키워드 및 제목 입력,3
🔙 백스페이스 기반 뒤로 이동,3
🔧 데이터베이스 동기화,3
"🖥️ 랜덤 브라우저 환경 (PC, 안드로이드 등)",3
🖱️ 쇼츠 섹션 클릭 및 영상 클릭,3
🟢 LIVE 고정 시청자 유지,3
🟣 Shorts 시청 최적화,3
🧠 자동 댓글봇,3
🧩 지문 무작위화,3
