variable,count
ACCOUNT_PROXY_CHECK,3
ALL_FEATURES_ENABLED,3
AUTO_APPEAL_GMAIL,3
AUTO_COMMENT,3
AUTO_COMMENT_WRITING,3
AUTO_ENGAGE,3
AUTO_LOAD_GMAIL_DATA,3
AUTO_LOAD_PROXY_DATA,3
AUTO_VIEWCOUNT_ALGORITHM,3
BACKSPACE_NAVIGATION,3
BAND_CLASSIFICATION,3
CHANGE_GMAIL_PROFILE,3
CLICK_SHORTS_SECTION,3
CONVERT_FREE_TO_PREMIUM_PROXY,3
COOKIE_SAVE_LOAD_AUTOMATED,3
CREATE_CHANNEL,3
CREATE_GMAIL,3
DATABASE_SYNC,3
DETERMINE_LATEST_VIDEOS,3
EXECUTION_LOG_RECORDING,3
FARMING_ACTIVITIES,3
HIGH_SPEED_MODE,3
INCREASE_LIVE_VIEWERS,3
LIVE_VIEWERS,3
LOOP_VIEW,3
MODULE_TOGGLE_SETTINGS,3
MULTI_LANG,3
PROXY_API_KEY_ENABLED,3
PROXY_CONDITION_BRANCHING,3
PROXY_RATING_FILTERING,3
RANDOMIZE_FINGERPRINT,3
RANDOM_BROWSER_ENVIRONMENT,3
REALTIME_MONITORING,3
REALTIME_PROXY_ROTATION,3
ROTATE_PROXY,3
SCHEDULER_EXECUTION,3
SEARCH_AND_PLAY,3
SELECT_COUNTRY_ISP,3
SHORTS_LIKE_AUTO,3
SHORTS_OPTIMIZE,3
SMS_AUTHENTICATION,3
TITLE_BASED_AUTO_REPEAT,3
UI_BUTTON_BASED_START_STOP,3
USER_INPUT_BASED_BRANCHING,3
VIEW_TIME_RANGE_SETTING,3
VISIT_YOUTUBE_CHANNELS,3
