{
  "single_xml": {
    "src": "/mnt/data/patchwork/single/HDGRACE-BAS_Final_Merged_PERFSAFE_V6FIX.xml",
    "dst": "/mnt/data/patchwork/patched/HDGRACE-BAS_Final_Merged_PERFSAFE_V6FIX_patched.xml",
    "changed": false,
    "note": "UI+MARKER already present",
    "size_bytes": 37418218,
    "sha256": "f8314ba3b9a2148f8dc4b1be6c9f13aaa8969a57ebf0c79bd14332677a2a0140",
    "has_ui": true,
    "has_marker": true
  },
  "split_txt": {
    "part1": {
      "src": "/mnt/data/patchwork/split/HDGRACE-BAS_Final_Split50_PERFSAFE_Part1.txt",
      "dst": "/mnt/data/patchwork/patched/HDGRACE-BAS_Final_Split50_PERFSAFE_Part1_V6FIX_patched.txt",
      "changed": false,
      "note": "UI+MARKER already present",
      "size_bytes": 17719117,
      "sha256": "df8a161d065fbfca79e8b88f85e51f2dcf6ce01d98969e106c976ddaedf4940c",
      "has_ui": true,
      "has_marker": true
    },
    "part2": {
      "src": "/mnt/data/patchwork/split/HDGRACE-BAS_Final_Split50_PERFSAFE_Part2.txt",
      "dst": "/mnt/data/patchwork/patched/HDGRACE-BAS_Final_Split50_PERFSAFE_Part2_V6FIX_patched.txt",
      "changed": false,
      "note": "unchanged",
      "size_bytes": 19709650,
      "sha256": "64dcf429b431ed6867c57d70678ce1db77d36d12dc3afb28ec67f2026f7fe392",
      "has_ui": false,
      "has_marker": false
    }
  },
  "artifacts": {
    "zip_single": {
      "path": "/mnt/data/HDGRACE_PATCHED_SINGLE_XML.zip",
      "size": 815597,
      "sha256": "a48d6020bbc312d68311f350b68be95ee62647d14e1687b6a10c8ad05c41de49"
    },
    "zip_split": {
      "path": "/mnt/data/HDGRACE_PATCHED_SPLIT50_TXT.zip",
      "size": 864289,
      "sha256": "64f33e0bbc1b413ea1bd2d21b0ee00b420f463c23f065e2cda689b9c54fa354d"
    }
  }
}