{"sha":"a18fa1ad8dd7083635fec3eeb9a8bbeb3d570182","url":"https://api.github.com/repos/kangheedon1/bas29.1.0-xml.Standard-Calibrator/git/trees/a18fa1ad8dd7083635fec3eeb9a8bbeb3d570182","tree":[{"path":"복구.zip","mode":"100644","type":"blob","sha":"baa901831ef79ae2877df633897b2c974630db29","size":1355676,"url":"https://api.github.com/repos/kangheedon1/bas29.1.0-xml.Standard-Calibrator/git/blobs/baa901831ef79ae2877df633897b2c974630db29"},{"path":"복구","mode":"040000","type":"tree","sha":"cd6db73441dcf893151bb6cc03597b67214ee35f","url":"https://api.github.com/repos/kangheedon1/bas29.1.0-xml.Standard-Calibrator/git/trees/cd6db73441dcf893151bb6cc03597b67214ee35f"},{"path":"복구/BAS 29.1.0 교정기 개발.html","mode":"100644","type":"blob","sha":"a57993e41e3031cd641913e4f46782f3d57ed05a","size":756661,"url":"https://api.github.com/repos/kangheedon1/bas29.1.0-xml.Standard-Calibrator/git/blobs/a57993e41e3031cd641913e4f46782f3d57ed05a"},{"path":"복구/BAS 29.1.0 교정기 개발_files","mode":"040000","type":"tree","sha":"e3a8a2d4e0b36563a63fa743565633aee3f37141","url":"https://api.github.com/repos/kangheedon1/bas29.1.0-xml.Standard-Calibrator/git/trees/e3a8a2d4e0b36563a63fa743565633aee3f37141"},{"path":"복구/BAS 29.1.0 교정기 개발_files/53E2BF11-45A8-452D-9914-9F965AE361E2.jpeg","mode":"100644","type":"blob","sha":"8106432c83986c68aac14d52290637297e530c2b","size":52151,"url":"https://api.github.com/repos/kangheedon1/bas29.1.0-xml.Standard-Calibrator/git/blobs/8106432c83986c68aac14d52290637297e530c2b"},{"path":"복구/BAS 29.1.0 교정기 개발_files/CleanShot 2024-05-13 at 00.21.08@2x.png","mode":"100644","type":"blob","sha":"171e45f790fcbb751575296d9a70960615c554c3","size":122483,"url":"https://api.github.com/repos/kangheedon1/bas29.1.0-xml.Standard-Calibrator/git/blobs/171e45f790fcbb751575296d9a70960615c554c3"},{"path":"복구/BAS 29.1.0 교정기 개발_files/ansi-1f6vhsjh.css","mode":"100644","type":"blob","sha":"19e7a24629580fb62711d80d2af4103ec98efacc","size":820,"url":"https://api.github.com/repos/kangheedon1/bas29.1.0-xml.Standard-Calibrator/git/blobs/19e7a24629580fb62711d80d2af4103ec98efacc"},{"path":"복구/BAS 29.1.0 교정기 개발_files/codemirror-gmx89wcl.css","mode":"100644","type":"blob","sha":"843332d12bfd87ca86624ab4573307ccc46e6954","size":1689,"url":"https://api.github.com/repos/kangheedon1/bas29.1.0-xml.Standard-Calibrator/git/blobs/843332d12bfd87ca86624ab4573307ccc46e6954"},{"path":"복구/BAS 29.1.0 교정기 개발_files/comments-plugin-tah3dlup.css","mode":"100644","type":"blob","sha":"8769dfeffb993693728af679568788cfcacfade5","size":120,"url":"https://api.github.com/repos/kangheedon1/bas29.1.0-xml.Standard-Calibrator/git/blobs/8769dfeffb993693728af679568788cfcacfade5"},{"path":"복구/BAS 29.1.0 교정기 개발_files/conversation-small-gcvo4yhm.css","mode":"100644","type":"blob","sha":"5409ce7bb058f3484ab1acf35c0f09be37461b82","size":18201,"url":"https://api.github.com/repos/kangheedon1/bas29.1.0-xml.Standard-Calibrator/git/blobs/5409ce7bb058f3484ab1acf35c0f09be37461b82"},{"path":"복구/BAS 29.1.0 교정기 개발_files/cot-message-jnujn6j8.css","mode":"100644","type":"blob","sha":"fecb54c3be7e2ca3c1d7057c76c5d94cdfd8903b","size":1498,"url":"https://api.github.com/repos/kangheedon1/bas29.1.0-xml.Standard-Calibrator/git/blobs/fecb54c3be7e2ca3c1d7057c76c5d94cdfd8903b"},{"path":"복구/BAS 29.1.0 교정기 개발_files/favicons","mode":"100644","type":"blob","sha":"fb7f3c5a72f5899a513775d71ee6dee246ce0aab","size":552,"url":"https://api.github.com/repos/kangheedon1/bas29.1.0-xml.Standard-Calibrator/git/blobs/fb7f3c5a72f5899a513775d71ee6dee246ce0aab"},{"path":"복구/BAS 29.1.0 교정기 개발_files/favicons(1)","mode":"100644","type":"blob","sha":"c54642fd62350234123f974cb73106322b5d50e5","size":369,"url":"https://api.github.com/repos/kangheedon1/bas29.1.0-xml.Standard-Calibrator/git/blobs/c54642fd62350234123f974cb73106322b5d50e5"},{"path":"복구/BAS 29.1.0 교정기 개발_files/favicons(2)","mode":"100644","type":"blob","sha":"f994b5c42d403de43bb6dd6af9844783ee368f94","size":439,"url":"https://api.github.com/repos/kangheedon1/bas29.1.0-xml.Standard-Calibrator/git/blobs/f994b5c42d403de43bb6dd6af9844783ee368f94"},{"path":"복구/BAS 29.1.0 교정기 개발_files/favicons(3)","mode":"100644","type":"blob","sha":"68b10e94c3ec81859094eb7c4233990236d137bf","size":1606,"url":"https://api.github.com/repos/kangheedon1/bas29.1.0-xml.Standard-Calibrator/git/blobs/68b10e94c3ec81859094eb7c4233990236d137bf"},{"path":"복구/BAS 29.1.0 교정기 개발_files/favicons(4)","mode":"100644","type":"blob","sha":"4a66c5f7aca9d53ab0ca408c5cf36abb9390eaa4","size":398,"url":"https://api.github.com/repos/kangheedon1/bas29.1.0-xml.Standard-Calibrator/git/blobs/4a66c5f7aca9d53ab0ca408c5cf36abb9390eaa4"},{"path":"복구/BAS 29.1.0 교정기 개발_files/favicons(5)","mode":"100644","type":"blob","sha":"dd519f1b917b1a1e6402db71f6b5c8c37ab0b3a3","size":923,"url":"https://api.github.com/repos/kangheedon1/bas29.1.0-xml.Standard-Calibrator/git/blobs/dd519f1b917b1a1e6402db71f6b5c8c37ab0b3a3"},{"path":"복구/BAS 29.1.0 교정기 개발_files/fe7f5934-9e28-4ae0-b1db-616dc963de70.png","mode":"100644","type":"blob","sha":"00585a27e76545accaa56da604aae8be2e473fef","size":549052,"url":"https://api.github.com/repos/kangheedon1/bas29.1.0-xml.Standard-Calibrator/git/blobs/00585a27e76545accaa56da604aae8be2e473fef"},{"path":"복구/BAS 29.1.0 교정기 개발_files/prosemirror-eh65ggsy.css","mode":"100644","type":"blob","sha":"15f2acc3ae8dd11a517ab2b54e7b8145b5c7b363","size":1179,"url":"https://api.github.com/repos/kangheedon1/bas29.1.0-xml.Standard-Calibrator/git/blobs/15f2acc3ae8dd11a517ab2b54e7b8145b5c7b363"},{"path":"복구/BAS 29.1.0 교정기 개발_files/root-gjkbrta2.css","mode":"100644","type":"blob","sha":"71ef85abb7fdabebe117d79dbd42b2baaacd24f8","size":543801,"url":"https://api.github.com/repos/kangheedon1/bas29.1.0-xml.Standard-Calibrator/git/blobs/71ef85abb7fdabebe117d79dbd42b2baaacd24f8"},{"path":"복구/BAS 29.1.0 교정기 개발_files/saved_resource.html","mode":"100644","type":"blob","sha":"cca1738048efa5efe6784a07b90f05af112d3a62","size":528,"url":"https://api.github.com/repos/kangheedon1/bas29.1.0-xml.Standard-Calibrator/git/blobs/cca1738048efa5efe6784a07b90f05af112d3a62"},{"path":"복구/BAS 29.1.0 교정기 개발_files/table-components-e4xleyh0.css","mode":"100644","type":"blob","sha":"238577786cad9e6f0aa3316bf170e581ecd70fb7","size":636,"url":"https://api.github.com/repos/kangheedon1/bas29.1.0-xml.Standard-Calibrator/git/blobs/238577786cad9e6f0aa3316bf170e581ecd70fb7"},{"path":"복구/BAS-29.1.0-rules-pack.example.json","mode":"100644","type":"blob","sha":"ecfa55b7218bfa506dbc1d4920ca2fdb013611af","size":828,"url":"https://api.github.com/repos/kangheedon1/bas29.1.0-xml.Standard-Calibrator/git/blobs/ecfa55b7218bfa506dbc1d4920ca2fdb013611af"},{"path":"복구/BAS-29.1.0-rules-pack.schema.json","mode":"100644","type":"blob","sha":"7b9881d780c25966754b97415fee7103181a01d7","size":2125,"url":"https://api.github.com/repos/kangheedon1/bas29.1.0-xml.Standard-Calibrator/git/blobs/7b9881d780c25966754b97415fee7103181a01d7"},{"path":"복구/BAS-29.1.0-rules-pack.xlsx","mode":"100644","type":"blob","sha":"d1a8b6c5d6a6d298cfca3d06b83eb0aae13ad17b","size":7335,"url":"https://api.github.com/repos/kangheedon1/bas29.1.0-xml.Standard-Calibrator/git/blobs/d1a8b6c5d6a6d298cfca3d06b83eb0aae13ad17b"},{"path":"복구/BAS-29.10-rules.json","mode":"100644","type":"blob","sha":"f78735157e0a70503bb6714f02929a29d762bb7e","size":6281,"url":"https://api.github.com/repos/kangheedon1/bas29.1.0-xml.Standard-Calibrator/git/blobs/f78735157e0a70503bb6714f02929a29d762bb7e"},{"path":"복구/BAS-29.10-rules.summary.txt","mode":"100644","type":"blob","sha":"13e5a90482c72ccfc77c547996b0f299e2c83acd","size":86,"url":"https://api.github.com/repos/kangheedon1/bas29.1.0-xml.Standard-Calibrator/git/blobs/13e5a90482c72ccfc77c547996b0f299e2c83acd"},{"path":"복구/BAS_29_10_CORRECTOR.py","mode":"100644","type":"blob","sha":"f8344064a034f68dd67cb5c6065cbf990f45d48b","size":23713,"url":"https://api.github.com/repos/kangheedon1/bas29.1.0-xml.Standard-Calibrator/git/blobs/f8344064a034f68dd67cb5c6065cbf990f45d48b"},{"path":"복구/BAS_29_10_CORRECTOR.zip","mode":"100644","type":"blob","sha":"4f49322bb7a9b89b096f972fed74d0e5cf98eef1","size":7881,"url":"https://api.github.com/repos/kangheedon1/bas29.1.0-xml.Standard-Calibrator/git/blobs/4f49322bb7a9b89b096f972fed74d0e5cf98eef1"},{"path":"복구/BAS_29_10_FULL_PACKAGE.zip","mode":"100644","type":"blob","sha":"a35366648da324910f8d2d467d5a76eec093ca11","size":35310,"url":"https://api.github.com/repos/kangheedon1/bas29.1.0-xml.Standard-Calibrator/git/blobs/a35366648da324910f8d2d467d5a76eec093ca11"},{"path":"복구/HDGRACE_RUN_ONCE_FAST.bat","mode":"100644","type":"blob","sha":"92a84e196cfa866f106dbf35890da3caa1e3624a","size":253,"url":"https://api.github.com/repos/kangheedon1/bas29.1.0-xml.Standard-Calibrator/git/blobs/92a84e196cfa866f106dbf35890da3caa1e3624a"},{"path":"복구/attr_normalize.csv","mode":"100644","type":"blob","sha":"4f2d009a916a969f48b01db90f853d2682d26b37","size":102,"url":"https://api.github.com/repos/kangheedon1/bas29.1.0-xml.Standard-Calibrator/git/blobs/4f2d009a916a969f48b01db90f853d2682d26b37"},{"path":"복구/bas (1).py","mode":"100644","type":"blob","sha":"0b9cd21b443b10563d11556cf576ecdce6973024","size":14678,"url":"https://api.github.com/repos/kangheedon1/bas29.1.0-xml.Standard-Calibrator/git/blobs/0b9cd21b443b10563d11556cf576ecdce6973024"},{"path":"복구/bas (2).py","mode":"100644","type":"blob","sha":"782dd753c33d28404bbfb21df1e4e7e686e967b5","size":27838,"url":"https://api.github.com/repos/kangheedon1/bas29.1.0-xml.Standard-Calibrator/git/blobs/782dd753c33d28404bbfb21df1e4e7e686e967b5"},{"path":"복구/bas (3).py","mode":"100644","type":"blob","sha":"0ae610756c9fb648ca1783323a3ad0371665bed1","size":17688,"url":"https://api.github.com/repos/kangheedon1/bas29.1.0-xml.Standard-Calibrator/git/blobs/0ae610756c9fb648ca1783323a3ad0371665bed1"},{"path":"복구/bas.py","mode":"100644","type":"blob","sha":"8c2d25a7d850decda4a345bd7ebbd47e72c847cb","size":15557,"url":"https://api.github.com/repos/kangheedon1/bas29.1.0-xml.Standard-Calibrator/git/blobs/8c2d25a7d850decda4a345bd7ebbd47e72c847cb"},{"path":"복구/bas_29_10_ultra.py","mode":"100644","type":"blob","sha":"0e51a2cdee0d9ed75ae5581f68b6914cbe2c0509","size":23626,"url":"https://api.github.com/repos/kangheedon1/bas29.1.0-xml.Standard-Calibrator/git/blobs/0e51a2cdee0d9ed75ae5581f68b6914cbe2c0509"},{"path":"복구/bas_auto_ui_fixer.py","mode":"100644","type":"blob","sha":"1b485b171c41ef821e55cf38f2c9c1fc0de04741","size":26892,"url":"https://api.github.com/repos/kangheedon1/bas29.1.0-xml.Standard-Calibrator/git/blobs/1b485b171c41ef821e55cf38f2c9c1fc0de04741"},{"path":"복구/bas_complete_2605line_final_system (1).py","mode":"100644","type":"blob","sha":"d4e417a9b9ba41d7b80099a964fbf388e86876c6","size":95055,"url":"https://api.github.com/repos/kangheedon1/bas29.1.0-xml.Standard-Calibrator/git/blobs/d4e417a9b9ba41d7b80099a964fbf388e86876c6"},{"path":"복구/bas_complete_2605line_final_system.py","mode":"100644","type":"blob","sha":"d4e417a9b9ba41d7b80099a964fbf388e86876c6","size":95055,"url":"https://api.github.com/repos/kangheedon1/bas29.1.0-xml.Standard-Calibrator/git/blobs/d4e417a9b9ba41d7b80099a964fbf388e86876c6"},{"path":"복구/bas_complete_corrector_final.py","mode":"100644","type":"blob","sha":"38a5ba89f24e741d6e76e92de7297d982bab9acc","size":3713,"url":"https://api.github.com/repos/kangheedon1/bas29.1.0-xml.Standard-Calibrator/git/blobs/38a5ba89f24e741d6e76e92de7297d982bab9acc"},{"path":"복구/bas_complete_final_integrated_system_2605 (1).py","mode":"100644","type":"blob","sha":"d41327598e8dc8d7b7d23da9f53d04d73ab174fe","size":57675,"url":"https://api.github.com/repos/kangheedon1/bas29.1.0-xml.Standard-Calibrator/git/blobs/d41327598e8dc8d7b7d23da9f53d04d73ab174fe"},{"path":"복구/bas_complete_final_integrated_system_2605 (2).py","mode":"100644","type":"blob","sha":"d41327598e8dc8d7b7d23da9f53d04d73ab174fe","size":57675,"url":"https://api.github.com/repos/kangheedon1/bas29.1.0-xml.Standard-Calibrator/git/blobs/d41327598e8dc8d7b7d23da9f53d04d73ab174fe"},{"path":"복구/bas_complete_final_integrated_system_2605.py","mode":"100644","type":"blob","sha":"d41327598e8dc8d7b7d23da9f53d04d73ab174fe","size":57675,"url":"https://api.github.com/repos/kangheedon1/bas29.1.0-xml.Standard-Calibrator/git/blobs/d41327598e8dc8d7b7d23da9f53d04d73ab174fe"},{"path":"복구/bas_complete_vue_integrated_system.py","mode":"100644","type":"blob","sha":"471066979eb02a7b11ec2a4ea30a768c5902be8b","size":39716,"url":"https://api.github.com/repos/kangheedon1/bas29.1.0-xml.Standard-Calibrator/git/blobs/471066979eb02a7b11ec2a4ea30a768c5902be8b"},{"path":"복구/bas_correction_history.log","mode":"100644","type":"blob","sha":"f3ed97116ca377588daad11d2fbe9c9e514084b6","size":9633,"url":"https://api.github.com/repos/kangheedon1/bas29.1.0-xml.Standard-Calibrator/git/blobs/f3ed97116ca377588daad11d2fbe9c9e514084b6"},{"path":"복구/bas_fix.py","mode":"100644","type":"blob","sha":"4eb2459b3272ea3047f3717398a0544d36a3ea53","size":24185,"url":"https://api.github.com/repos/kangheedon1/bas29.1.0-xml.Standard-Calibrator/git/blobs/4eb2459b3272ea3047f3717398a0544d36a3ea53"},{"path":"복구/bas_fix.zip","mode":"100644","type":"blob","sha":"e364406b5699be0433ce2ef9dfbdb63e3549dfe9","size":8011,"url":"https://api.github.com/repos/kangheedon1/bas29.1.0-xml.Standard-Calibrator/git/blobs/e364406b5699be0433ce2ef9dfbdb63e3549dfe9"},{"path":"복구/bas_fix_291_emergency.py","mode":"100644","type":"blob","sha":"99cd18cda209b7d1e16a5d564f31865fae91c0b7","size":14880,"url":"https://api.github.com/repos/kangheedon1/bas29.1.0-xml.Standard-Calibrator/git/blobs/99cd18cda209b7d1e16a5d564f31865fae91c0b7"},{"path":"복구/bas_fix_ultra.py","mode":"100644","type":"blob","sha":"992e7f38c194672c20d2eac602064349567e52e7","size":104170,"url":"https://api.github.com/repos/kangheedon1/bas29.1.0-xml.Standard-Calibrator/git/blobs/992e7f38c194672c20d2eac602064349567e52e7"},{"path":"복구/bas_parallel_viewer_corrector_2000.py","mode":"100644","type":"blob","sha":"d7cd5493c79e2b4eac2a33be51045886d6cd5c2f","size":19340,"url":"https://api.github.com/repos/kangheedon1/bas29.1.0-xml.Standard-Calibrator/git/blobs/d7cd5493c79e2b4eac2a33be51045886d6cd5c2f"},{"path":"복구/bas_system_audit.json","mode":"100644","type":"blob","sha":"2747fb5c7eae1c07502d5f4ef0bf3522219b8bad","size":26469,"url":"https://api.github.com/repos/kangheedon1/bas29.1.0-xml.Standard-Calibrator/git/blobs/2747fb5c7eae1c07502d5f4ef0bf3522219b8bad"},{"path":"복구/bas_zip_audit (2).json","mode":"100644","type":"blob","sha":"f5e578796d0801edacf7d721fd8f9936a1575037","size":11304,"url":"https://api.github.com/repos/kangheedon1/bas29.1.0-xml.Standard-Calibrator/git/blobs/f5e578796d0801edacf7d721fd8f9936a1575037"},{"path":"복구/bas_zip_audit.json","mode":"100644","type":"blob","sha":"f5e578796d0801edacf7d721fd8f9936a1575037","size":11304,"url":"https://api.github.com/repos/kangheedon1/bas29.1.0-xml.Standard-Calibrator/git/blobs/f5e578796d0801edacf7d721fd8f9936a1575037"},{"path":"복구/enum_table.csv","mode":"100644","type":"blob","sha":"652fcd867824433ca1359774f38285248ec3d8bf","size":84,"url":"https://api.github.com/repos/kangheedon1/bas29.1.0-xml.Standard-Calibrator/git/blobs/652fcd867824433ca1359774f38285248ec3d8bf"},{"path":"복구/regex_rewrites.csv","mode":"100644","type":"blob","sha":"442f2244c998d577b2a015f3d04778a6c5834f97","size":126,"url":"https://api.github.com/repos/kangheedon1/bas29.1.0-xml.Standard-Calibrator/git/blobs/442f2244c998d577b2a015f3d04778a6c5834f97"},{"path":"복구/rules","mode":"040000","type":"tree","sha":"6840f78dc2f5a7341e1816542c7df37bad963b1c","url":"https://api.github.com/repos/kangheedon1/bas29.1.0-xml.Standard-Calibrator/git/trees/6840f78dc2f5a7341e1816542c7df37bad963b1c"},{"path":"복구/rules/auto_from_restored.json","mode":"100644","type":"blob","sha":"fa544adc0c258a2aafff90469c848c44acf12051","size":246,"url":"https://api.github.com/repos/kangheedon1/bas29.1.0-xml.Standard-Calibrator/git/blobs/fa544adc0c258a2aafff90469c848c44acf12051"},{"path":"복구/rules/auto_from_restored.summary.txt","mode":"100644","type":"blob","sha":"87c8cd198282a106519d3937844494b707f8d42a","size":65,"url":"https://api.github.com/repos/kangheedon1/bas29.1.0-xml.Standard-Calibrator/git/blobs/87c8cd198282a106519d3937844494b707f8d42a"},{"path":"복구/rules/bas.py","mode":"100644","type":"blob","sha":"dc2febc17f3ae87d336fb1c5f55c7abc3d53fc56","size":7037,"url":"https://api.github.com/repos/kangheedon1/bas29.1.0-xml.Standard-Calibrator/git/blobs/dc2febc17f3ae87d336fb1c5f55c7abc3d53fc56"},{"path":"복구/rules/bas_29_1_0_rules.json","mode":"100644","type":"blob","sha":"6c1b3950d8b7e5c0931d3ac6468ceb25d27499ac","size":620,"url":"https://api.github.com/repos/kangheedon1/bas29.1.0-xml.Standard-Calibrator/git/blobs/6c1b3950d8b7e5c0931d3ac6468ceb25d27499ac"},{"path":"복구/rules/bas_29_1_0_rules_from_복구txt.json","mode":"100644","type":"blob","sha":"f5323a8c077020f2c945fa81f9598ca6a080dc5e","size":846,"url":"https://api.github.com/repos/kangheedon1/bas29.1.0-xml.Standard-Calibrator/git/blobs/f5323a8c077020f2c945fa81f9598ca6a080dc5e"},{"path":"복구/rules/bas_deepmined_rules.json","mode":"100644","type":"blob","sha":"51c36c8ad91cead9ebb179a2c88e4ffc4b90098e","size":2874,"url":"https://api.github.com/repos/kangheedon1/bas29.1.0-xml.Standard-Calibrator/git/blobs/51c36c8ad91cead9ebb179a2c88e4ffc4b90098e"},{"path":"복구/rules_build.py","mode":"100644","type":"blob","sha":"b084e21d89c500be8eb1e6aed0ce8f32d21bc2dd","size":7060,"url":"https://api.github.com/repos/kangheedon1/bas29.1.0-xml.Standard-Calibrator/git/blobs/b084e21d89c500be8eb1e6aed0ce8f32d21bc2dd"},{"path":"복구/system_analysis_report.json","mode":"100644","type":"blob","sha":"74188195d18a6e19d71d6dc5ac695a5e80044ab9","size":315,"url":"https://api.github.com/repos/kangheedon1/bas29.1.0-xml.Standard-Calibrator/git/blobs/74188195d18a6e19d71d6dc5ac695a5e80044ab9"},{"path":"복구/tag_renames.csv","mode":"100644","type":"blob","sha":"85d11dbf9192cc0dbe2d7f0b97c6905784352bf5","size":88,"url":"https://api.github.com/repos/kangheedon1/bas29.1.0-xml.Standard-Calibrator/git/blobs/85d11dbf9192cc0dbe2d7f0b97c6905784352bf5"},{"path":"복구/templates","mode":"040000","type":"tree","sha":"26587a308974a52b83ef02d9bcc943079e492c06","url":"https://api.github.com/repos/kangheedon1/bas29.1.0-xml.Standard-Calibrator/git/trees/26587a308974a52b83ef02d9bcc943079e492c06"},{"path":"복구/templates/BAS-29.1.0-rules-pack.example.json","mode":"100644","type":"blob","sha":"ecfa55b7218bfa506dbc1d4920ca2fdb013611af","size":828,"url":"https://api.github.com/repos/kangheedon1/bas29.1.0-xml.Standard-Calibrator/git/blobs/ecfa55b7218bfa506dbc1d4920ca2fdb013611af"},{"path":"복구/templates/BAS-29.1.0-rules-pack.schema.json","mode":"100644","type":"blob","sha":"7b9881d780c25966754b97415fee7103181a01d7","size":2125,"url":"https://api.github.com/repos/kangheedon1/bas29.1.0-xml.Standard-Calibrator/git/blobs/7b9881d780c25966754b97415fee7103181a01d7"},{"path":"복구/templates/BAS-29.1.0-rules-pack.xlsx","mode":"100644","type":"blob","sha":"d1a8b6c5d6a6d298cfca3d06b83eb0aae13ad17b","size":7335,"url":"https://api.github.com/repos/kangheedon1/bas29.1.0-xml.Standard-Calibrator/git/blobs/d1a8b6c5d6a6d298cfca3d06b83eb0aae13ad17b"},{"path":"복구/templates/csv","mode":"040000","type":"tree","sha":"72e860b71d6248030885d8d25d892621c9533ccc","url":"https://api.github.com/repos/kangheedon1/bas29.1.0-xml.Standard-Calibrator/git/trees/72e860b71d6248030885d8d25d892621c9533ccc"},{"path":"복구/templates/csv/attr_normalize.csv","mode":"100644","type":"blob","sha":"4f2d009a916a969f48b01db90f853d2682d26b37","size":102,"url":"https://api.github.com/repos/kangheedon1/bas29.1.0-xml.Standard-Calibrator/git/blobs/4f2d009a916a969f48b01db90f853d2682d26b37"},{"path":"복구/templates/csv/enum_table.csv","mode":"100644","type":"blob","sha":"652fcd867824433ca1359774f38285248ec3d8bf","size":84,"url":"https://api.github.com/repos/kangheedon1/bas29.1.0-xml.Standard-Calibrator/git/blobs/652fcd867824433ca1359774f38285248ec3d8bf"},{"path":"복구/templates/csv/regex_rewrites.csv","mode":"100644","type":"blob","sha":"442f2244c998d577b2a015f3d04778a6c5834f97","size":126,"url":"https://api.github.com/repos/kangheedon1/bas29.1.0-xml.Standard-Calibrator/git/blobs/442f2244c998d577b2a015f3d04778a6c5834f97"},{"path":"복구/templates/csv/tag_renames.csv","mode":"100644","type":"blob","sha":"85d11dbf9192cc0dbe2d7f0b97c6905784352bf5","size":88,"url":"https://api.github.com/repos/kangheedon1/bas29.1.0-xml.Standard-Calibrator/git/blobs/85d11dbf9192cc0dbe2d7f0b97c6905784352bf5"},{"path":"복구/templates/csv/typo_fixes.csv","mode":"100644","type":"blob","sha":"d2868da6c1293d9a9519866d1d3e5bb953fe9370","size":61,"url":"https://api.github.com/repos/kangheedon1/bas29.1.0-xml.Standard-Calibrator/git/blobs/d2868da6c1293d9a9519866d1d3e5bb953fe9370"},{"path":"복구/templates/rules_build.py","mode":"100644","type":"blob","sha":"b084e21d89c500be8eb1e6aed0ce8f32d21bc2dd","size":7060,"url":"https://api.github.com/repos/kangheedon1/bas29.1.0-xml.Standard-Calibrator/git/blobs/b084e21d89c500be8eb1e6aed0ce8f32d21bc2dd"},{"path":"복구/typo_fixes (1).csv","mode":"100644","type":"blob","sha":"d2868da6c1293d9a9519866d1d3e5bb953fe9370","size":61,"url":"https://api.github.com/repos/kangheedon1/bas29.1.0-xml.Standard-Calibrator/git/blobs/d2868da6c1293d9a9519866d1d3e5bb953fe9370"},{"path":"복구/typo_fixes.csv","mode":"100644","type":"blob","sha":"d2868da6c1293d9a9519866d1d3e5bb953fe9370","size":61,"url":"https://api.github.com/repos/kangheedon1/bas29.1.0-xml.Standard-Calibrator/git/blobs/d2868da6c1293d9a9519866d1d3e5bb953fe9370"},{"path":"복구/utils.py","mode":"100644","type":"blob","sha":"238fbf7cf227e20e2dd94852c40d4aa021d8dcfc","size":9504,"url":"https://api.github.com/repos/kangheedon1/bas29.1.0-xml.Standard-Calibrator/git/blobs/238fbf7cf227e20e2dd94852c40d4aa021d8dcfc"},{"path":"복구/복구.txt","mode":"100644","type":"blob","sha":"42924ff3bcf6cf25c294df42ba8b0d8bf10321fc","size":494322,"url":"https://api.github.com/repos/kangheedon1/bas29.1.0-xml.Standard-Calibrator/git/blobs/42924ff3bcf6cf25c294df42ba8b0d8bf10321fc"}],"truncated":false}